{"schemaVersion":"1.0","appDefinitionTemplate":{"id":"/providers/Microsoft.PowerApps/apps/","type":"Microsoft.PowerApps/apps","tags":{"primaryDeviceWidth":"1698","primaryDeviceHeight":"697","supportsPortrait":"true","supportsLandscape":"true","primaryFormFactor":"Tablet","showStatusBar":"false","publisherVersion":"3.25035.12","minimumRequiredApiVersion":"2.2.0","hasComponent":"false","hasUnlockedComponent":"false","isUnifiedRootApp":"false","offlineLargeFilesSupport":"false","sienaVersion":"20250414T172509Z-3.23123.15.0"},"properties":{"appVersion":"2025-04-15T07:33:20Z","lifeCycleId":"Published","createdByClientVersion":{"major":3,"minor":25035,"build":12,"revision":0,"majorRevision":0,"minorRevision":0},"minClientVersion":{"major":3,"minor":25035,"build":12,"revision":0,"majorRevision":0,"minorRevision":0},"backgroundColor":"rgba(53, 61, 63, 1)","backgroundImageUri":"/5702376042482963936/N2ab7c3f5-ecad-40ab-be6b-13f9867f5cd4-logoSmallFile","displayName":"Weekly TimeCard Template - SP","commitMessage":"","appUris":{"documentUri":{"value":"/5702376042482963936/N3b6589ef-1320-42e9-aff7-287a2f23ffe4-document.msapp"},"imageUris":[],"additionalUris":[{"isSolutionAware":false,"value":"/5702376042482963936/N487fbcbf-66d2-44fc-9eba-b43aa92daf63-identity.json"}]},"createdTime":"0001-01-01T00:00:00Z","lastModifiedTime":"0001-01-01T00:00:00Z","sharedGroupsCount":0,"sharedUsersCount":0,"connectionReferences":{"ae0b9f78-56fa-40df-9b1c-3de2009a62ec":{"id":"c13eb075-b88c-4840-8dad-09618142cc5e","displayName":"Office 365 Users","iconUri":"https://conn-afd-prod-endpoint-bmc9bqahasf3grgk.b01.azurefd.net/releases/v1.0.1735/1.0.1735.4103/office365users/icon.png","dataSources":["Office365Users"],"dependencies":[],"dependents":[],"parameterHints":{},"parameterHintsV2":{},"isOnPremiseConnection":false,"bypassConsent":false,"dataSets":{},"apiTier":"Standard","isCustomApiConnection":false,"actions":["Manager_V2"]},"9d50d434-17e3-4e93-8039-7fad25906c0b":{"id":"d6d6468e-e358-4888-b882-1552ce0cc299","displayName":"SharePoint","iconUri":"https://conn-afd-prod-endpoint-bmc9bqahasf3grgk.b01.azurefd.net/releases/v1.0.1745/1.0.1745.4169/sharepointonline/icon.png","dataSources":["BillTo","TimeEntries"],"dependencies":[],"dependents":[],"parameterHints":{},"parameterHintsV2":{},"isOnPremiseConnection":false,"bypassConsent":false,"dataSets":{"https://private05-my.sharepoint.com/personal/adityaprakash_private05_onmicrosoft_com/":{"dataSources":{"BillTo":{"tableName":"e7f8e50f-181c-4262-bc26-016a6df44593"},"TimeEntries":{"tableName":"a02e28b4-7b61-4407-8a74-302282b5c140"}}}},"apiTier":"Standard","isCustomApiConnection":false,"actions":["providers/PowerPlatform.Governance/Operations/Read","providers/PowerPlatform.Governance/Operations/Write","providers/PowerPlatform.Governance/Operations/Delete"]}},"databaseReferences":{},"almMode":"Solution","performanceOptimizationEnabled":true,"canConsumeAppPass":true,"enableModernRuntimeMode":false,"executionRestrictions":{"isTeamsOnly":false,"dataLossPreventionEvaluationResult":{"status":"Compliant","lastEvaluationDate":"2025-04-14T04:44:20.6864236Z","violations":[],"violationsByPolicy":[],"violationErrorMessage":"The app uses the following connectors: shared_office365users, shared_sharepointonline."}}},"isAppComponentLibrary":false,"appType":"ClassicCanvasApp","appComponents":[]}}